File Name,Prompt,Full Response,Input Tokens Used,Output Tokens Used,Code Intent,Buggy Code Line 1,Code 1,Reason 1,Buggy Code Line 2,Code 2,Reason 2,Buggy Code Line 3,Code 3,Reason 3,Expected Line with Bug,Check 1,Check 2,Check 3,,T1,T2,T3
bitcount.py,"Code:
def bitcount(n):
    count = 0
    while n:
        n ^= n - 1
        count += 1
    return count


Please analyse the Python code snippet provided above. Identify the intention of the code and potential bugs in the code.
The response should contain up to three objects, ordered from the most probable to least probable code line to contain a bug.

Your response should be in the following template structure. Be mindful of indentation:
    ```
        {
        ""Intention"": <Brief description of the code's purpose>,

        ""Fault Localisation"": [
            {
            ""Buggy Code Line"": <Line number of buggy code>,
            ""Code"": <Actual buggy code>,
            ""Reason"": <Reason for the bug>
            },
            ...
        ]
        }
    ```
","```
{
""Intention"": ""Counts the number of ones in the binary representation of a given integer n."",

""Fault Localisation"": [
    {
    ""Buggy Code Line"": 3,
    ""Code"": ""n ^= n - 1"",
    ""Reason"": ""The ^= operator is a bitwise XOR operator, which flips the bits of n that are set in n - 1. However, the n - 1 operation subtracts one from n, which may result in a negative number if n is negative. This can lead to incorrect bit counting.""
    }
]
}
```",194,132,Counts the number of ones in the binary representation of a given integer n.,3,n ^= n - 1,"The ^= operator is a bitwise XOR operator, which flips the bits of n that are set in n - 1. However, the n - 1 operation subtracts one from n, which may result in a negative number if n is negative. This can lead to incorrect bit counting.",,,,,,,n ^= n - 1,TRUE,FALSE,FALSE,,TRUE,TRUE,TRUE
breadth_first_search.py,"Code:
from collections import deque as Queue

def breadth_first_search(startnode, goalnode):
    queue = Queue()
    queue.append(startnode)

    nodesseen = set()
    nodesseen.add(startnode)

    while True:
        node = queue.popleft()

        if node is goalnode:
            return True
        else:
            queue.extend(node for node in node.successors if node not in nodesseen)
            nodesseen.update(node.successors)

    return False



Please analyse the Python code snippet provided above. Identify the intention of the code and potential bugs in the code.
The response should contain up to three objects, ordered from the most probable to least probable code line to contain a bug.

Your response should be in the following template structure. Be mindful of indentation:
    ```
        {
        ""Intention"": <Brief description of the code's purpose>,

        ""Fault Localisation"": [
            {
            ""Buggy Code Line"": <Line number of buggy code>,
            ""Code"": <Actual buggy code>,
            ""Reason"": <Reason for the bug>
            },
            ...
        ]
        }
    ```
","```
{
""Intention"": ""The code snippet provided implements a breadth-first search algorithm, which is used to find the shortest path from a starting node to a goal node in a graph."",

""Fault Localisation"": [
    {
    ""Buggy Code Line"": 15,
    ""Code"": ""queue.extend(node for node in node.successors if node not in nodesseen)"",
    ""Reason"": ""This line is incorrect because it tries to add the same node to the queue multiple times. This can cause the algorithm to get stuck in an infinite loop.""
    },

    {
    ""Buggy Code Line"": 15,
    ""Code"": ""queue.extend(node for node in node.successors if node not in nodesseen)"",
    ""Reason"": ""This line is incorrect because it does not check if the goal node has been reached. This can cause the algorithm to continue searching even after the goal node has been found.""
    }
    
    ]
}
```",289,220,"The code snippet provided implements a breadth-first search algorithm, which is used to find the shortest path from a starting node to a goal node in a graph.",15,queue.extend(node for node in node.successors if node not in nodesseen),This line is incorrect because it tries to add the same node to the queue multiple times. This can cause the algorithm to get stuck in an infinite loop.,15,queue.extend(node for node in node.successors if node not in nodesseen),This line is incorrect because it does not check if the goal node has been reached. This can cause the algorithm to continue searching even after the goal node has been found.,,,,while True:,FALSE,FALSE,FALSE,,FALSE,FALSE,FALSE
bucketsort.py,"Code:def bucketsort(arr, k):
    counts = [0] * k
    for x in arr:
        counts[x] += 1

    sorted_arr = []
    for i, count in enumerate(arr):
        sorted_arr.extend([i] * count)

    return sorted_arr



Please analyse the Python code snippet provided above. Identify the intention of the code and potential bugs in the code.
The response should contain up to three objects, ordered from the most probable to least probable code line to contain a bug.

Your response should be in the following template structure. Be mindful of indentation:
    ```
        {
        ""Intention"": <Brief description of the code's purpose>,

        ""Fault Localisation"": [
            {
            ""Buggy Code Line"": <Line number of buggy code>,
            ""Code"": <Actual buggy code>,
            ""Reason"": <Reason for the bug>
            },
            ...
        ]
        }
    ```
","```
{
""Intention"": ""The code provided is an implementation of the Bucket Sort algorithm, which is a sorting algorithm that sorts elements by distributing them into a number of buckets and then sorting each bucket individually."",

""Fault Localisation"": [
    {
    ""Buggy Code Line"": 9,
    ""Code"": ""sorted_arr.extend([i] * count)"",
    ""Reason"": ""In this line, the code attempts to extend the sorted_arr list with count copies of the element i. However, it should be extending the list with count copies of the element x instead, as x represents the element being sorted.""
    },
    {
    ""Buggy Code Line"": 5,
    ""Code"": ""for x in arr:"",
    ""Reason"": ""The code iterates over the arr list using a for loop. It should be using the range(len(arr)) loop to iterate over the indices of the arr list instead.""
    }
]
}
```",233,214,"The code provided is an implementation of the Bucket Sort algorithm, which is a sorting algorithm that sorts elements by distributing them into a number of buckets and then sorting each bucket individually.",9,sorted_arr.extend([i] * count),"In this line, the code attempts to extend the sorted_arr list with count copies of the element i. However, it should be extending the list with count copies of the element x instead, as x represents the element being sorted.",5,for x in arr:,The code iterates over the arr list using a for loop. It should be using the range(len(arr)) loop to iterate over the indices of the arr list instead.,,,,"for i, count in enumerate(arr):",FALSE,FALSE,FALSE,,FALSE,FALSE,FALSE
depth_first_search.py,"Code:def depth_first_search(startnode, goalnode):
    nodesvisited = set()

    def search_from(node):
        if node in nodesvisited:
            return False
        elif node is goalnode:
            return True
        else:
            return any(
                search_from(nextnode) for nextnode in node.successors
            )

    return search_from(startnode)



Please analyse the Python code snippet provided above. Identify the intention of the code and potential bugs in the code.
The response should contain up to three objects, ordered from the most probable to least probable code line to contain a bug.

Your response should be in the following template structure. Be mindful of indentation:
    ```
        {
        ""Intention"": <Brief description of the code's purpose>,

        ""Fault Localisation"": [
            {
            ""Buggy Code Line"": <Line number of buggy code>,
            ""Code"": <Actual buggy code>,
            ""Reason"": <Reason for the bug>
            },
            ...
        ]
        }
    ```
","```
{
""Intention"": ""Perform a depth-first search from a start node to a goal node."",

""Fault Localisation"": [
    {
    ""Buggy Code Line"": 4,
    ""Code"": ""def search_from(node):"",
    ""Reason"": ""Missing `self` parameter, which is required for methods defined within a class.""
    },
    {
    ""Buggy Code Line"": 7,
    ""Code"": ""return any(\n                search_from(nextnode) for nextnode in node.successors\n            )"",
    ""Reason"": ""Missing `nodesvisited.add(node)` to mark the node as visited before exploring its successors.""
    },
    {
    ""Buggy Code Line"": 16,
    ""Code"": ""return search_from(startnode)"",
    ""Reason"": ""Should call `search_from` method without the parenthesis as a function since it returns a boolean, not a callable.""
    }
]
}
```",255,225,Perform a depth-first search from a start node to a goal node.,4,def search_from(node):,"Missing `self` parameter, which is required for methods defined within a class.",7,return any(\n                search_from(nextnode) for nextnode in node.successors\n            ),Missing `nodesvisited.add(node)` to mark the node as visited before exploring its successors.,16,return search_from(startnode),"Should call `search_from` method without the parenthesis as a function since it returns a boolean, not a callable.","Omission - Within the else statement and before the return any clause.

 else:
            nodesvisited.add(node)
            return any(
                search_from(nextnode) for nextnode in node.successors
            )",FALSE,TRUE,FALSE,,FALSE,TRUE,TRUE
detect_cycle.py,"Code:def detect_cycle(node):
    hare = tortoise = node

    while True:
        if hare.successor is None:
            return False

        tortoise = tortoise.successor
        hare = hare.successor.successor

        if hare is tortoise:
            return True



Please analyse the Python code snippet provided above. Identify the intention of the code and potential bugs in the code.
The response should contain up to three objects, ordered from the most probable to least probable code line to contain a bug.

Your response should be in the following template structure. Be mindful of indentation:
    ```
        {
        ""Intention"": <Brief description of the code's purpose>,

        ""Fault Localisation"": [
            {
            ""Buggy Code Line"": <Line number of buggy code>,
            ""Code"": <Actual buggy code>,
            ""Reason"": <Reason for the bug>
            },
            ...
        ]
        }
    ```
","```
{
""Intention"": ""Determines if there is a cycle in the linked list by using Floyd's turtle and hare algorithm."",

""Fault Localisation"": [
    {
    ""Buggy Code Line"": 12,
    ""Code"": ""hare is tortoise"",
    ""Reason"": ""The condition should be `hare == tortoise` to check if the hare and tortoise have met.""
    }
]
}
```",227,96,Determines if there is a cycle in the linked list by using Floyd's turtle and hare algorithm.,12,hare is tortoise,The condition should be `hare == tortoise` to check if the hare and tortoise have met.,,,,,,,if hare.successor is None:,FALSE,FALSE,FALSE,,FALSE,FALSE,FALSE
find_first_in_sorted.py,"Code:def find_first_in_sorted(arr, x):
    lo = 0
    hi = len(arr)

    while lo <= hi:
        mid = (lo + hi) // 2

        if x == arr[mid] and (mid == 0 or x != arr[mid - 1]):
            return mid

        elif x <= arr[mid]:
            hi = mid

        else:
            lo = mid + 1

    return -1


Please analyse the Python code snippet provided above. Identify the intention of the code and potential bugs in the code.
The response should contain up to three objects, ordered from the most probable to least probable code line to contain a bug.

Your response should be in the following template structure. Be mindful of indentation:
    ```
        {
        ""Intention"": <Brief description of the code's purpose>,

        ""Fault Localisation"": [
            {
            ""Buggy Code Line"": <Line number of buggy code>,
            ""Code"": <Actual buggy code>,
            ""Reason"": <Reason for the bug>
            },
            ...
        ]
        }
    ```
","```
    {
    ""Intention"": ""The code searches for the first occurrence of a number `x` in a sorted array `arr` and returns its index. If the number is not found, it returns -1."",

    ""Fault Localisation"": [
        {
        ""Buggy Code Line"": 6,
        ""Code"": ""if x == arr[mid] and (mid == 0 or x != arr[mid - 1]):"",
        ""Reason"": ""The line checks if the element at index `mid` in the array is equal to `x` and if it's the first occurrence of `x`. The condition check should be done on the next element `arr[mid + 1]`. So `(mid == 0 or x != arr[mid + 1])` should be used.""
        }
    ]
    }
```",277,190,"The code searches for the first occurrence of a number `x` in a sorted array `arr` and returns its index. If the number is not found, it returns -1.",6,if x == arr[mid] and (mid == 0 or x != arr[mid - 1]):,The line checks if the element at index `mid` in the array is equal to `x` and if it's the first occurrence of `x`. The condition check should be done on the next element `arr[mid + 1]`. So `(mid == 0 or x != arr[mid + 1])` should be used.,,,,,,,while lo <= hi:,FALSE,FALSE,FALSE,,FALSE,FALSE,FALSE
find_in_sorted.py,"Code:def find_in_sorted(arr, x):
    def binsearch(start, end):
        if start == end:
            return -1
        mid = start + (end - start) // 2
        if x < arr[mid]:
            return binsearch(start, mid)
        elif x > arr[mid]:
            return binsearch(mid, end)
        else:
            return mid

    return binsearch(0, len(arr))




Please analyse the Python code snippet provided above. Identify the intention of the code and potential bugs in the code.
The response should contain up to three objects, ordered from the most probable to least probable code line to contain a bug.

Your response should be in the following template structure. Be mindful of indentation:
    ```
        {
        ""Intention"": <Brief description of the code's purpose>,

        ""Fault Localisation"": [
            {
            ""Buggy Code Line"": <Line number of buggy code>,
            ""Code"": <Actual buggy code>,
            ""Reason"": <Reason for the bug>
            },
            ...
        ]
        }
    ```
","```
        {
        ""Intention"": ""The code implements a binary search function to find an element in a sorted array."",

        ""Fault Localisation"": [
            {
            ""Buggy Code Line"": ""6"",
            ""Code"": ""if start == end:"",
            ""Reason"": ""The base case should be 'start >= end' because it is possible to have an empty array when 'start == end'""
            
            },
            {
            ""Buggy Code Line"": ""13"",
            ""Code"": ""return binsearch(start, mid)"",
            ""Reason"": ""Should be 'return binsearch(start, mid-1)' as the search interval should exclude the midpoint when 'x < arr[mid]'""
            },
            {
            ""Buggy Code Line"": ""15"",
            ""Code"": ""return binsearch(mid, end)"",
            ""Reason"": ""Should be 'return binsearch(mid+1, end)' as the search interval should exclude the midpoint when 'x > arr[mid]'""
            },
        ]
        }
    ```",268,241,The code implements a binary search function to find an element in a sorted array.,,,,,,,,"return binsearch(mid, end)",,"return binsearch(mid, end)",FALSE,FALSE,TRUE,,FALSE,FALSE,TRUE
flatten.py,"Code:def flatten(arr):
    for x in arr:
        if isinstance(x, list):
            for y in flatten(x):
                yield y
        else:
            yield flatten(x)



Please analyse the Python code snippet provided above. Identify the intention of the code and potential bugs in the code.
The response should contain up to three objects, ordered from the most probable to least probable code line to contain a bug.

Your response should be in the following template structure. Be mindful of indentation:
    ```
        {
        ""Intention"": <Brief description of the code's purpose>,

        ""Fault Localisation"": [
            {
            ""Buggy Code Line"": <Line number of buggy code>,
            ""Code"": <Actual buggy code>,
            ""Reason"": <Reason for the bug>
            },
            ...
        ]
        }
    ```
","```
        {
        ""Intention"": ""The code snippet is intended to flatten a nested list into a single-level list."",

        ""Fault Localisation"": [
            {
            ""Buggy Code Line"": 11,
            ""Code"": ""yield flatten(x)"",
            ""Reason"": ""This line will cause infinite recursion if `x` is a list, as `flatten(x)` will call `flatten(x)` again, and so on.""
            },
            {
            ""Buggy Code Line"": 11,
            ""Code"": ""yield flatten(x)"",
            ""Reason"": ""This line will also cause infinite recursion if `x` is an empty list, as `flatten(x)` will call `flatten([])` again, and so on.""
            },
            {
            ""Buggy Code Line"": 8,
            ""Code"": ""for x in arr:"",
            ""Reason"": ""This line iterates over all elements in `arr`, but it does not check if `arr` is a list, so if `arr` is not a list, the code will break.""
            }
        ]
        }
```",202,254,The code snippet is intended to flatten a nested list into a single-level list.,11,yield flatten(x),"This line will cause infinite recursion if `x` is a list, as `flatten(x)` will call `flatten(x)` again, and so on.",11,yield flatten(x),"This line will also cause infinite recursion if `x` is an empty list, as `flatten(x)` will call `flatten([])` again, and so on.",8,for x in arr:,"This line iterates over all elements in `arr`, but it does not check if `arr` is a list, so if `arr` is not a list, the code will break.",yield flatten(x),TRUE,TRUE,FALSE,,TRUE,TRUE,TRUE
gcd.py,"Code:def gcd(a, b):
    if b == 0:
        return a
    else:
        return gcd(a % b, b)


Please analyse the Python code snippet provided above. Identify the intention of the code and potential bugs in the code.
The response should contain up to three objects, ordered from the most probable to least probable code line to contain a bug.

Your response should be in the following template structure. Be mindful of indentation:
    ```
        {
        ""Intention"": <Brief description of the code's purpose>,

        ""Fault Localisation"": [
            {
            ""Buggy Code Line"": <Line number of buggy code>,
            ""Code"": <Actual buggy code>,
            ""Reason"": <Reason for the bug>
            },
            ...
        ]
        }
    ```
","```
{
""Intention"": ""Calculate the greatest common divisor (GCD) of two numbers using the Euclidean algorithm."",

""Fault Localisation"": [
    {
    ""Buggy Code Line"": 4,
    ""Code"": ""return gcd(a % b, b)"",
    ""Reason"": ""The recursive call should be gcd(b, a % b) instead of gcd(a % b, b) to calculate the GCD correctly.""
    }
]
}
```",189,106,Calculate the greatest common divisor (GCD) of two numbers using the Euclidean algorithm.,4,"return gcd(a % b, b)","The recursive call should be gcd(b, a % b) instead of gcd(a % b, b) to calculate the GCD correctly.",,,,,,,"return gcd(a % b, b)",TRUE,FALSE,FALSE,,TRUE,TRUE,TRUE
get_factors.py,"Code:
def get_factors(n):
    if n == 1:
        return []

    for i in range(2, int(n ** 0.5) + 1):
        if n % i == 0:
            return [i] + get_factors(n // i)

    return []


Please analyse the Python code snippet provided above. Identify the intention of the code and potential bugs in the code.
The response should contain up to three objects, ordered from the most probable to least probable code line to contain a bug.

Your response should be in the following template structure. Be mindful of indentation:
    ```
        {
        ""Intention"": <Brief description of the code's purpose>,

        ""Fault Localisation"": [
            {
            ""Buggy Code Line"": <Line number of buggy code>,
            ""Code"": <Actual buggy code>,
            ""Reason"": <Reason for the bug>
            },
            ...
        ]
        }
    ```
","```
    {
    ""Intention"": ""The code snippet calculates the prime factors of a given number 'n' and returns them as a list."",

    ""Fault Localisation"": [
        {
        ""Buggy Code Line"": 8,
        ""Code"": ""return []"",
        ""Reason"": ""The function should return a list of factors, whereas an empty list is returned when 'n' is not a prime number.""
        },
        {
        ""Buggy Code Line"": 6,
        ""Code"": ""for i in range(2, int(n ** 0.5) + 1):"",
        ""Reason"": ""The range should include 'n' itself to ensure that any perfect squares are handled correctly.""
        },
        {
        ""Buggy Code Line"": 9,
        ""Code"": ""[i] + get_factors(n // i)"",
        ""Reason"": ""The code doesn't account for the case where 'i' is equal to 'n', which would result in infinite recursion.""
        }
    ]
    }
```",229,239,The code snippet calculates the prime factors of a given number 'n' and returns them as a list.,8,return [],"The function should return a list of factors, whereas an empty list is returned when 'n' is not a prime number.",6,"for i in range(2, int(n ** 0.5) + 1):",The range should include 'n' itself to ensure that any perfect squares are handled correctly.,9,[i] + get_factors(n // i),"The code doesn't account for the case where 'i' is equal to 'n', which would result in infinite recursion.",return [],TRUE,FALSE,FALSE,,TRUE,TRUE,TRUE
hanoi.py,"Code:def hanoi(height, start=1, end=3):
    steps = []
    if height > 0:
        helper = ({1, 2, 3} - {start} - {end}).pop()
        steps.extend(hanoi(height - 1, start, helper))
        steps.append((start, helper))
        steps.extend(hanoi(height - 1, helper, end))

    return steps


Please analyse the Python code snippet provided above. Identify the intention of the code and potential bugs in the code.
The response should contain up to three objects, ordered from the most probable to least probable code line to contain a bug.

Your response should be in the following template structure. Be mindful of indentation:
    ```
        {
        ""Intention"": <Brief description of the code's purpose>,

        ""Fault Localisation"": [
            {
            ""Buggy Code Line"": <Line number of buggy code>,
            ""Code"": <Actual buggy code>,
            ""Reason"": <Reason for the bug>
            },
            ...
        ]
        }
    ```
","```
{
""Intention"": ""The provided code solves the Tower of Hanoi puzzle recursively, moving a stack of disks from one peg to another using a third peg. The function returns a list of tuples representing the steps required to move the disks."",

""Fault Localisation"": [
    {
    ""Buggy Code Line"": 7,
    ""Code"": ""helper = ({1, 2, 3} - {start} - {end}).pop()"",
    ""Reason"": ""This line may raise an error if the initial placement of disks is invalid, such that there is no third peg available to move disks.""
    },
    {
    ""Buggy Code Line"": 11,
    ""Code"": ""steps.append((start, helper))"",
    ""Reason"": ""This line may not correctly represent the transfer of the disk, as it is moving from the start peg to a helper peg that may not be the correct destination. The actual behavior will depend on the initial state of the puzzle and the values of 'start' and 'end'.""
    }
]
}
```",257,235,"The provided code solves the Tower of Hanoi puzzle recursively, moving a stack of disks from one peg to another using a third peg. The function returns a list of tuples representing the steps required to move the disks.",7,"helper = ({1, 2, 3} - {start} - {end}).pop()","This line may raise an error if the initial placement of disks is invalid, such that there is no third peg available to move disks.",11,"steps.append((start, helper))","This line may not correctly represent the transfer of the disk, as it is moving from the start peg to a helper peg that may not be the correct destination. The actual behavior will depend on the initial state of the puzzle and the values of 'start' and 'end'.",,,,"steps.append((start, helper))",FALSE,TRUE,FALSE,,FALSE,TRUE,TRUE
is_valid_parenthesization.py,"Code:
def is_valid_parenthesization(parens):
    depth = 0
    for paren in parens:
        if paren == '(':
            depth += 1
        else:
            depth -= 1
            if depth < 0:
                return False

    return True


Please analyse the Python code snippet provided above. Identify the intention of the code and potential bugs in the code.
The response should contain up to three objects, ordered from the most probable to least probable code line to contain a bug.

Your response should be in the following template structure. Be mindful of indentation:
    ```
        {
        ""Intention"": <Brief description of the code's purpose>,

        ""Fault Localisation"": [
            {
            ""Buggy Code Line"": <Line number of buggy code>,
            ""Code"": <Actual buggy code>,
            ""Reason"": <Reason for the bug>
            },
            ...
        ]
        }
    ```
","```
    {
    ""Intention"": ""This function checks whether a string of parentheses is valid, meaning that each opening parenthesis '(' has a corresponding closing parenthesis ')', and the parentheses are nested in a correct order."",

    ""Fault Localisation"": [
        {
        ""Buggy Code Line"": ""6"",
        ""Code"": ""depth += 1"",
        ""Reason"": ""To correctly check the validity of parentheses, this line should be `depth -= 1`.""
        }
    ]
    }
```",228,114,"This function checks whether a string of parentheses is valid, meaning that each opening parenthesis '(' has a corresponding closing parenthesis ')', and the parentheses are nested in a correct order.",,,,,,,,,,return True,FALSE,FALSE,FALSE,,FALSE,FALSE,FALSE
kheapsort.py,"Code:def kheapsort(arr, k):
    import heapq

    heap = arr[:k]
    heapq.heapify(heap)

    for x in arr:
        yield heapq.heappushpop(heap, x)

    while heap:
        yield heapq.heappop(heap)


Please analyse the Python code snippet provided above. Identify the intention of the code and potential bugs in the code.
The response should contain up to three objects, ordered from the most probable to least probable code line to contain a bug.

Your response should be in the following template structure. Be mindful of indentation:
    ```
        {
        ""Intention"": <Brief description of the code's purpose>,

        ""Fault Localisation"": [
            {
            ""Buggy Code Line"": <Line number of buggy code>,
            ""Code"": <Actual buggy code>,
            ""Reason"": <Reason for the bug>
            },
            ...
        ]
        }
    ```
","```
{
""Intention"": ""The intention of this code is to create a generator that yields the elements of the input array arr in sorted order using the k-heapsort algorithm. The algorithm maintains a heap of size k and iterates over the input array, pushing each element into the heap and then popping the smallest element from the heap."",

""Fault Localisation"": [
    {
    ""Buggy Code Line"": ""7"",
    ""Code"": ""for x in arr:"",
    ""Reason"": ""This loop is iterating over the input array arr, but it might be possible for the input array to be very large. This could cause the generator to yield elements very slowly or even run out of memory.""
    },
    {
    ""Buggy Code Line"": ""8"",
    ""Code"": ""yield heapq.heappushpop(heap, x)"",
    ""Reason"": ""This line is trying to push the element x into the heap and then pop the smallest element from the heap. However, if the heap is already full, then the push operation will fail.""
    },
    {
    ""Buggy Code Line"": ""10"",
    ""Code"": ""while heap:"",
    ""Reason"": ""This loop is iterating over the heap until it is empty. However, it is possible for the heap to never become empty if the input array is very large and the k value is small.""
    }
]
}
```",228,311,"The intention of this code is to create a generator that yields the elements of the input array arr in sorted order using the k-heapsort algorithm. The algorithm maintains a heap of size k and iterates over the input array, pushing each element into the heap and then popping the smallest element from the heap.",,for x in arr:,,,,,,,,for x in arr:,TRUE,FALSE,FALSE,,TRUE,TRUE,TRUE
knapsack.py,"Code:
def knapsack(capacity, items):
    from collections import defaultdict
    memo = defaultdict(int)

    for i in range(1, len(items) + 1):
        weight, value = items[i - 1]

        for j in range(1, capacity + 1):
            memo[i, j] = memo[i - 1, j]

            if weight < j:
                memo[i, j] = max(
                    memo[i, j],
                    value + memo[i - 1, j - weight]
                )

    return memo[len(items), capacity]

Please analyse the Python code snippet provided above. Identify the intention of the code and potential bugs in the code.
The response should contain up to three objects, ordered from the most probable to least probable code line to contain a bug.

Your response should be in the following template structure. Be mindful of indentation:
    ```
        {
        ""Intention"": <Brief description of the code's purpose>,

        ""Fault Localisation"": [
            {
            ""Buggy Code Line"": <Line number of buggy code>,
            ""Code"": <Actual buggy code>,
            ""Reason"": <Reason for the bug>
            },
            ...
        ]
        }
    ```
","```
{
""Intention"": ""This code implements the 0-1 knapsack dynamic programming algorithm. It computes the maximum value of items that can be put into a knapsack of capacity W."",

""Fault Localisation"": [
    {
    ""Buggy Code Line"": 4,
    ""Code"": ""from collections import defaultdict"",
    ""Reason"": ""This import is effectively unnecessary as the function doesn't use any of the defaultdict methods.""
    },
    {
    ""Buggy Code Line"": 12,
    ""Code"": ""if weight < j:"",
    ""Reason"": ""This condition should be 'if weight <= j:' to be able to include the current item into the solution.""
    },
    {
    ""Buggy Code Line"": 14,
    ""Code"": ""memo[i, j] = memo[i - 1, j]"",
    ""Reason"": ""The value at memo[i, j] should be updated with max(memo[i, j], memo[i - 1, j]), not set equal to memo[i - 1, j]. This is because there might be a solution with a better value than the one stored in memo[i - 1, j].""
    },
]
}
```",301,279,This code implements the 0-1 knapsack dynamic programming algorithm. It computes the maximum value of items that can be put into a knapsack of capacity W.,4,from collections import defaultdict,This import is effectively unnecessary as the function doesn't use any of the defaultdict methods.,12,if weight < j:,This condition should be 'if weight <= j:' to be able to include the current item into the solution.,14,"memo[i, j] = memo[i - 1, j]","The value at memo[i, j] should be updated with max(memo[i, j], memo[i - 1, j]), not set equal to memo[i - 1, j]. This is because there might be a solution with a better value than the one stored in memo[i - 1, j].",if weight < j:,FALSE,TRUE,FALSE,,FALSE,TRUE,TRUE
kth.py,"Code:def kth(arr, k):
    pivot = arr[0]
    below = [x for x in arr if x < pivot]
    above = [x for x in arr if x > pivot]

    num_less = len(below)
    num_lessoreq = len(arr) - len(above)

    if k < num_less:
        return kth(below, k)
    elif k >= num_lessoreq:
        return kth(above, k)
    else:
        return pivot



Please analyse the Python code snippet provided above. Identify the intention of the code and potential bugs in the code.
The response should contain up to three objects, ordered from the most probable to least probable code line to contain a bug.

Your response should be in the following template structure. Be mindful of indentation:
    ```
        {
        ""Intention"": <Brief description of the code's purpose>,

        ""Fault Localisation"": [
            {
            ""Buggy Code Line"": <Line number of buggy code>,
            ""Code"": <Actual buggy code>,
            ""Reason"": <Reason for the bug>
            },
            ...
        ]
        }
    ```
","```
{
""Intention"": ""This code snippet implements a function `kth` that finds the kth smallest element in an array of integers."",

""Fault Localisation"": [
    {
    ""Buggy Code Line"": 6,
    ""Code"": ""`num_lessoreq = len(arr) - len(above)`"",
    ""Reason"": ""`num_lessoreq` is used to find the number of elements in the array that are less than or equal to the pivot. However, this calculation subtracts the number of elements in `above` from the length of the original array, which is incorrect. It should subtract the number of elements in `above` from the length of the original array minus one.""
    },
    {
    ""Buggy Code Line"": 7,
    ""Code"": ""`if k < num_less:`"",
    ""Reason"": ""This condition checks if there are fewer than `k` elements in the `below` array, which would indicate that the kth element must be in the `above` array. However, this condition should instead check if there are fewer than or equal to `k` elements in the `below` array, since the kth element could be in either the `below` or `above` array.""
    }
]
}
```",282,282,This code snippet implements a function `kth` that finds the kth smallest element in an array of integers.,6,`num_lessoreq = len(arr) - len(above)`,"`num_lessoreq` is used to find the number of elements in the array that are less than or equal to the pivot. However, this calculation subtracts the number of elements in `above` from the length of the original array, which is incorrect. It should subtract the number of elements in `above` from the length of the original array minus one.",7,`if k < num_less:`,"This condition checks if there are fewer than `k` elements in the `below` array, which would indicate that the kth element must be in the `above` array. However, this condition should instead check if there are fewer than or equal to `k` elements in the `below` array, since the kth element could be in either the `below` or `above` array.",,,,"return kth(above, k)",FALSE,FALSE,FALSE,,FALSE,FALSE,FALSE
lcs_length.py,"Code:def lcs_length(s, t):
    from collections import Counter

    dp = Counter()

    for i in range(len(s)):
        for j in range(len(t)):
            if s[i] == t[j]:
                dp[i, j] = dp[i - 1, j] + 1

    return max(dp.values()) if dp else 0



Please analyse the Python code snippet provided above. Identify the intention of the code and potential bugs in the code.
The response should contain up to three objects, ordered from the most probable to least probable code line to contain a bug.

Your response should be in the following template structure. Be mindful of indentation:
    ```
        {
        ""Intention"": <Brief description of the code's purpose>,

        ""Fault Localisation"": [
            {
            ""Buggy Code Line"": <Line number of buggy code>,
            ""Code"": <Actual buggy code>,
            ""Reason"": <Reason for the bug>
            },
            ...
        ]
        }
    ```
","```
    {
    ""Intention"": ""This code calculates the longest common subsequence (LCS) between two strings based on dynamic programming technique."",

    ""Fault Localisation"": [
        {
        ""Buggy Code Line"": 5,
        ""Code"": ""dp[i, j] = dp[i - 1, j] + 1"",
        ""Reason"": ""The code should access the value at index `(i - 1, j - 1)` instead of `(i - 1, j)` to correctly calculate and store the LCS length at the current index `(i, j)`""
        },
        {
        ""Buggy Code Line"": 8,
        ""Code"": ""return max(dp.values()) if dp else 0"",
        ""Reason"": ""The code should return the maximum value from the `dp` counter instead of its keys. It should use `max(dp.values())` to return the maximum LCS length.""
        },
        {
        ""Buggy Code Line"": 7,
        ""Code"": ""if dp else 0"",
        ""Reason"": ""The code should use the null coalesce operator `dp or 0` instead of `if dp else 0` to handle the case when `dp` is empty. It should return `0` if the `dp` is empty indicating no common subsequence between the input strings.""
        }
    ]
    }
```",256,315,This code calculates the longest common subsequence (LCS) between two strings based on dynamic programming technique.,5,"dp[i, j] = dp[i - 1, j] + 1","The code should access the value at index `(i - 1, j - 1)` instead of `(i - 1, j)` to correctly calculate and store the LCS length at the current index `(i, j)`",8,return max(dp.values()) if dp else 0,The code should return the maximum value from the `dp` counter instead of its keys. It should use `max(dp.values())` to return the maximum LCS length.,7,if dp else 0,The code should use the null coalesce operator `dp or 0` instead of `if dp else 0` to handle the case when `dp` is empty. It should return `0` if the `dp` is empty indicating no common subsequence between the input strings.,"dp[i, j] = dp[i - 1, j] + 1",TRUE,FALSE,FALSE,,TRUE,TRUE,TRUE
levenshtein.py,"Code:def levenshtein(source, target):
    if source == '' or target == '':
        return len(source) or len(target)

    elif source[0] == target[0]:
        return 1 + levenshtein(source[1:], target[1:])

    else:
        return 1 + min(
            levenshtein(source,     target[1:]),
            levenshtein(source[1:], target[1:]),
            levenshtein(source[1:], target)
        )

Please analyse the Python code snippet provided above. Identify the intention of the code and potential bugs in the code.
The response should contain up to three objects, ordered from the most probable to least probable code line to contain a bug.

Your response should be in the following template structure. Be mindful of indentation:
    ```
        {
        ""Intention"": <Brief description of the code's purpose>,

        ""Fault Localisation"": [
            {
            ""Buggy Code Line"": <Line number of buggy code>,
            ""Code"": <Actual buggy code>,
            ""Reason"": <Reason for the bug>
            },
            ...
        ]
        }
    ```
","```
{
""Intention"": ""Calculates the Levenshtein distance between two strings, which represents the minimum number of edits (insertions, deletions, or substitutions) required to transform one string into the other."",

""Fault Localisation"": [
    {
    ""Buggy Code Line"": 2,
    ""Code"": ""elif source[0] == target[0]:\n        return 1 + levenshtein(source[1:], target[1:])"",
    ""Reason"": ""In this case the distance is 0, not 1.""
    },
    {
    ""Buggy Code Line"": 13,
    ""Code"": ""        levenshtein(source[1:], target)"",
    ""Reason"": ""There is no target[0] in this expression.""
    },
    {
    ""Buggy Code Line"": 10,
    ""Code"": ""return 1 + min(\n            levenshtein(source,     target[1:]),\n            levenshtein(source[1:], target[1:]),\n            levenshtein(source[1:], target)\n        )"",
    ""Reason"": ""The first expression could be replaced with levenshtein(source, target[1]), and the last one with levenshtein(source[1:], target).""
    }
]
}
```",275,294,"Calculates the Levenshtein distance between two strings, which represents the minimum number of edits (insertions, deletions, or substitutions) required to transform one string into the other.",2,"elif source[0] == target[0]:\n        return 1 + levenshtein(source[1:], target[1:])","In this case the distance is 0, not 1.",13,"        levenshtein(source[1:], target)",There is no target[0] in this expression.,10,"return 1 + min(\n            levenshtein(source,     target[1:]),\n            levenshtein(source[1:], target[1:]),\n            levenshtein(source[1:], target)\n        )","The first expression could be replaced with levenshtein(source, target[1]), and the last one with levenshtein(source[1:], target).","return 1 + levenshtein(source[1:], target[1:])",FALSE,FALSE,FALSE,,FALSE,FALSE,FALSE
lis.py,"Code:
def lis(arr):
    ends = {}
    longest = 0

    for i, val in enumerate(arr):

        prefix_lengths = [j for j in range(1, longest + 1) if arr[ends[j]] < val]

        length = max(prefix_lengths) if prefix_lengths else 0

        if length == longest or val < arr[ends[length + 1]]:
            ends[length + 1] = i
            longest = length + 1

    return longest



Please analyse the Python code snippet provided above. Identify the intention of the code and potential bugs in the code.
The response should contain up to three objects, ordered from the most probable to least probable code line to contain a bug.

Your response should be in the following template structure. Be mindful of indentation:
    ```
        {
        ""Intention"": <Brief description of the code's purpose>,

        ""Fault Localisation"": [
            {
            ""Buggy Code Line"": <Line number of buggy code>,
            ""Code"": <Actual buggy code>,
            ""Reason"": <Reason for the bug>
            },
            ...
        ]
        }
    ```
","```
{
""Intention"":
""The code snippet finds the length of the longest increasing subsequence in an array.
It creates a dictionary `ends` that maps the length of the longest increasing subsequence ending at a particular index to the index itself.
The code iterates over the array, and for each element, it finds the length of the longest increasing subsequence ending at that index, using the `prefix_lengths` list.
The length of the longest increasing subsequence ending at a particular index is the maximum of the lengths of the longest increasing subsequences ending at the indices before it that are less than the current element.
If the length of the longest increasing subsequence ending at the current index is greater than the current longest subsequence, the code updates the `ends` dictionary and the `longest` variable."",

""Fault Localisation"": [
    {
    ""Buggy Code Line"": ""prefix_lengths = [j for j in range(1, longest + 1) if arr[ends[j]] < val]"",
    ""Code"": ""[j for j in range(1, longest + 1) if arr[ends[j]] < val]"",
    ""Reason"": ""The code assumes that the `ends` dictionary has an entry for every index in the range `[1, longest]`.
    However, this is not guaranteed, and if the `ends` dictionary does not have an entry for a particular index, the code will raise a `KeyError`.""
    },
    {
    ""Buggy Code Line"": ""length = max(prefix_lengths) if prefix_lengths else 0"",
    ""Code"": ""max(prefix_lengths) if prefix_lengths else 0"",
    ""Reason"": ""The code assumes that the `prefix_lengths` list is not empty. However, if the `prefix_lengths` list is empty, the code will raise a `ValueError`.""
    },
    {
    ""Buggy Code Line"": ""if length == longest or val < arr[ends[length + 1]]:"",
    ""Code"": ""if length == longest or val < arr[ends[length + 1]]"",
    ""Reason"": ""The code assumes that the `length + 1` key exists in the `ends` dictionary.
    However, this is not guaranteed, and if the `length + 1` key does not exist in the `ends` dictionary, the code will raise a `KeyError`.""
    }
]
}
```",288,531,"The code snippet finds the length of the longest increasing subsequence in an array.
It creates a dictionary `ends` that maps the length of the longest increasing subsequence ending at a particular index to the index itself.
The code iterates over the array, and for each element, it finds the length of the longest increasing subsequence ending at that index, using the `prefix_lengths` list.
The length of the longest increasing subsequence ending at a particular index is the maximum of the lengths of the longest increasing subsequences ending at the indices before it that are less than the current element.
If the length of the longest increasing subsequence ending at the current index is greater than the current longest subsequence, the code updates the `ends` dictionary and the `longest` variable.",,,,,,,,,"The code assumes that the `length + 1` key exists in the `ends` dictionary.
    However, this is not guaranteed, and if the `length + 1` key does not exist in the `ends` dictionary, the code will raise a `KeyError`.",longest = length + 1,FALSE,FALSE,TRUE,,FALSE,FALSE,TRUE
longest_common_subsequence.py,"Code:def longest_common_subsequence(a, b):
    if not a or not b:
        return ''

    elif a[0] == b[0]:
        return a[0] + longest_common_subsequence(a[1:], b)

    else:
        return max(
            longest_common_subsequence(a, b[1:]),
            longest_common_subsequence(a[1:], b),
            key=len
        )



Please analyse the Python code snippet provided above. Identify the intention of the code and potential bugs in the code.
The response should contain up to three objects, ordered from the most probable to least probable code line to contain a bug.

Your response should be in the following template structure. Be mindful of indentation:
    ```
        {
        ""Intention"": <Brief description of the code's purpose>,

        ""Fault Localisation"": [
            {
            ""Buggy Code Line"": <Line number of buggy code>,
            ""Code"": <Actual buggy code>,
            ""Reason"": <Reason for the bug>
            },
            ...
        ]
        }
    ```
","```
{
""Intention"": ""This function finds the longest common subsequence between two given strings a and b using recursive calls to reduce the size of the input string. The base cases occur when either a or b is empty or when their first characters match. In the latter case, the character is added to the result, and the subsequent characters are recursively checked."",

""Fault Localisation"": [
    {
    ""Buggy Code Line"": ""12"",
    ""Code"": ""return max(\n            longest_common_subsequence(a, b[1:]),\n            longest_common_subsequence(a[1:], b),\n            key=len\n        )"",
    ""Reason"": ""The code incorrectly calls longest_common_subsequence(a, b[1:]) twice instead of longest_common_subsequence(a[1:], b[1:]). This will lead to incorrect results.""
    }
]
}
```",267,203,"This function finds the longest common subsequence between two given strings a and b using recursive calls to reduce the size of the input string. The base cases occur when either a or b is empty or when their first characters match. In the latter case, the character is added to the result, and the subsequent characters are recursively checked.",,,,,,,,,,"return a[0] + longest_common_subsequence(a[1:], b)",FALSE,FALSE,FALSE,,FALSE,FALSE,FALSE
max_sublist_sum.py,"Code:
def max_sublist_sum(arr):
    max_ending_here = 0
    max_so_far = 0

    for x in arr:
        max_ending_here = max_ending_here + x
        max_so_far = max(max_so_far, max_ending_here)

    return max_so_far


Please analyse the Python code snippet provided above. Identify the intention of the code and potential bugs in the code.
The response should contain up to three objects, ordered from the most probable to least probable code line to contain a bug.

Your response should be in the following template structure. Be mindful of indentation:
    ```
        {
        ""Intention"": <Brief description of the code's purpose>,

        ""Fault Localisation"": [
            {
            ""Buggy Code Line"": <Line number of buggy code>,
            ""Code"": <Actual buggy code>,
            ""Reason"": <Reason for the bug>
            },
            ...
        ]
        }
    ```
","```
    {
    ""Intention"": ""The provided Python code finds the maximum sum of a contiguous subarray within the given array."",

    ""Fault Localisation"": [
        {
        ""Buggy Code Line"": 6,
        ""Code"": ""max_ending_here = max_ending_here + x"",
        ""Reason"": ""If the current value is negative, adding it to max_ending_here will lead to incorrect results.""
        },
        {
        ""Buggy Code Line"": 7,
        ""Code"": ""max_so_far = max(max_so_far, max_ending_here)"",
        ""Reason"": ""Similarly, if max_ending_here becomes negative after adding the current value, it shouldn't update the max_so_far.""
        }
    ]
    }
```",245,186,The provided Python code finds the maximum sum of a contiguous subarray within the given array.,6,max_ending_here = max_ending_here + x,"If the current value is negative, adding it to max_ending_here will lead to incorrect results.",7,"max_so_far = max(max_so_far, max_ending_here)","Similarly, if max_ending_here becomes negative after adding the current value, it shouldn't update the max_so_far.",,,,max_ending_here = max_ending_here + x,TRUE,FALSE,FALSE,,TRUE,TRUE,TRUE
mergesort.py,"Code:
def mergesort(arr):
    def merge(left, right):
        result = []
        i = 0
        j = 0
        while i < len(left) and j < len(right):
            if left[i] <= right[j]:
                result.append(left[i])
                i += 1
            else:
                result.append(right[j])
                j += 1
        result.extend(left[i:] or right[j:])
        return result

    if len(arr) == 0:
        return arr
    else:
        middle = len(arr) // 2
        left = mergesort(arr[:middle])
        right = mergesort(arr[middle:])
        return merge(left, right)



Please analyse the Python code snippet provided above. Identify the intention of the code and potential bugs in the code.
The response should contain up to three objects, ordered from the most probable to least probable code line to contain a bug.

Your response should be in the following template structure. Be mindful of indentation:
    ```
        {
        ""Intention"": <Brief description of the code's purpose>,

        ""Fault Localisation"": [
            {
            ""Buggy Code Line"": <Line number of buggy code>,
            ""Code"": <Actual buggy code>,
            ""Reason"": <Reason for the bug>
            },
            ...
        ]
        }
    ```
","```
{
""Intention"": ""This code implements the merge sort algorithm in Python. It 
            sorts an array by dividing it into two halves, sorting each 
            half, and merging the sorted halves."",

""Fault Localisation"": [
    {
    ""Buggy Code Line"": 6,
    ""Code"": ""result.extend(left[i:] or right[j:])"",
    ""Reason"": ""The condition (left[i:] or right[j:]) always evaluates 
                to True, so it is unnecessary. It can be simplified to 
                result.extend(left[i:] + right[j:])""
    },
    {
    ""Buggy Code Line"": 2,
    ""Code"": ""def merge(left, right):"",
    ""Reason"": ""The merge function is not indented properly. It should be 
                indented by four spaces.""
    }
]
}
```",344,207,"This code implements the merge sort algorithm in Python. It 
            sorts an array by dividing it into two halves, sorting each 
            half, and merging the sorted halves.",6,result.extend(left[i:] or right[j:]),"The condition (left[i:] or right[j:]) always evaluates 
                to True, so it is unnecessary. It can be simplified to 
                result.extend(left[i:] + right[j:])",2,"def merge(left, right):","The merge function is not indented properly. It should be 
                indented by four spaces.",,,,if len(arr) == 0:,FALSE,FALSE,FALSE,,FALSE,FALSE,FALSE
minimum_spanning_tree.py,"Code:
def minimum_spanning_tree(weight_by_edge):
    group_by_node = {}
    mst_edges = set()

    for edge in sorted(weight_by_edge, key=weight_by_edge.__getitem__):
        u, v = edge
        if group_by_node.setdefault(u, {u}) != group_by_node.setdefault(v, {v}):
            mst_edges.add(edge)
            group_by_node[u].update(group_by_node[v])
            for node in group_by_node[v]:
                group_by_node[node].update(group_by_node[u])

    return mst_edges




Please analyse the Python code snippet provided above. Identify the intention of the code and potential bugs in the code.
The response should contain up to three objects, ordered from the most probable to least probable code line to contain a bug.

Your response should be in the following template structure. Be mindful of indentation:
    ```
        {
        ""Intention"": <Brief description of the code's purpose>,

        ""Fault Localisation"": [
            {
            ""Buggy Code Line"": <Line number of buggy code>,
            ""Code"": <Actual buggy code>,
            ""Reason"": <Reason for the bug>
            },
            ...
        ]
        }
    ```
","```
{
""Intention"": ""Find the minimum spanning tree of a weighted graph using Kruskal's algorithm."",

""Fault Localisation"": [
    {
    ""Buggy Code Line"": 15,
    ""Code"": ""group_by_node[u].update(group_by_node[v])"",
    ""Reason"": ""This line should be `group_by_node[u] = group_by_node[v]` as otherwise the reference to the same set object will be lost.""
    },
    {
    ""Buggy Code Line"": 16,
    ""Code"": ""for node in group_by_node[v]: group_by_node[node].update(group_by_node[u])"",
    ""Reason"": ""This line should be `for node in group_by_node[v]: group_by_node[node] = group_by_node[u]` as otherwise the reference to the same set object will be lost.""
    }
]
}
```",326,228,Find the minimum spanning tree of a weighted graph using Kruskal's algorithm.,15,group_by_node[u].update(group_by_node[v]),This line should be `group_by_node[u] = group_by_node[v]` as otherwise the reference to the same set object will be lost.,16,for node in group_by_node[v]: group_by_node[node].update(group_by_node[u]),This line should be `for node in group_by_node[v]: group_by_node[node] = group_by_node[u]` as otherwise the reference to the same set object will be lost.,,,,group_by_node[node].update(group_by_node[u]),FALSE,TRUE,FALSE,,FALSE,TRUE,TRUE
next_palindrome.py,"Code:def next_palindrome(digit_list):
    high_mid = len(digit_list) // 2
    low_mid = (len(digit_list) - 1) // 2
    while high_mid < len(digit_list) and low_mid >= 0:
        if digit_list[high_mid] == 9:
            digit_list[high_mid] = 0
            digit_list[low_mid] = 0
            high_mid += 1
            low_mid -= 1
        else:
            digit_list[high_mid] += 1
            if low_mid != high_mid:
                digit_list[low_mid] += 1
            return digit_list
    return [1] + (len(digit_list)) * [0] + [1]

Please analyse the Python code snippet provided above. Identify the intention of the code and potential bugs in the code.
The response should contain up to three objects, ordered from the most probable to least probable code line to contain a bug.

Your response should be in the following template structure. Be mindful of indentation:
    ```
        {
        ""Intention"": <Brief description of the code's purpose>,

        ""Fault Localisation"": [
            {
            ""Buggy Code Line"": <Line number of buggy code>,
            ""Code"": <Actual buggy code>,
            ""Reason"": <Reason for the bug>
            },
            ...
        ]
        }
    ```
","```
{
""Intention"": ""The code snippet takes in a list of digits representing a number and returns the next smallest palindrome of that number."",

""Fault Localisation"": [
    {
    ""Buggy Code Line"": 14,
    ""Code"": ""return [1] + (len(digit_list)) * [0] + [1]"",
    ""Reason"": ""This line of code is incorrect. It should return [1] + (len(digit_list)-1) * [0] + [1] to ensure that the length of the list remains the same.""
    }
]
}
```",352,137,The code snippet takes in a list of digits representing a number and returns the next smallest palindrome of that number.,14,return [1] + (len(digit_list)) * [0] + [1],This line of code is incorrect. It should return [1] + (len(digit_list)-1) * [0] + [1] to ensure that the length of the list remains the same.,,,,,,,return [1] + (len(digit_list)) * [0] + [1],TRUE,FALSE,FALSE,,TRUE,TRUE,TRUE
next_permutation.py,"Code:
def next_permutation(perm):
    for i in range(len(perm) - 2, -1, -1):
        if perm[i] < perm[i + 1]:
            for j in range(len(perm) - 1, i, -1):
                if perm[j] < perm[i]:
                    next_perm = list(perm)
                    next_perm[i], next_perm[j] = perm[j], perm[i]
                    next_perm[i + 1:] = reversed(next_perm[i + 1:])
                    return next_perm



Please analyse the Python code snippet provided above. Identify the intention of the code and potential bugs in the code.
The response should contain up to three objects, ordered from the most probable to least probable code line to contain a bug.

Your response should be in the following template structure. Be mindful of indentation:
    ```
        {
        ""Intention"": <Brief description of the code's purpose>,

        ""Fault Localisation"": [
            {
            ""Buggy Code Line"": <Line number of buggy code>,
            ""Code"": <Actual buggy code>,
            ""Reason"": <Reason for the bug>
            },
            ...
        ]
        }
    ```
","```
{
""Intention"": ""The provided Python code implements an algorithm to find the next lexicographically larger permutation of the input list `perm`."",

""Fault Localisation"": [
    {
    ""Buggy Code Line"": 11,
    ""Code"": ""`next_perm = list(perm)`"",
    ""Reason"": ""Not necessary to create a copy of `perm` since the original list will be modified anyway.""
    },
    {
    ""Buggy Code Line"": 13,
    ""Code"": ""`next_perm[i + 1:] = reversed(next_perm[i + 1:])`"",
    ""Reason"": ""Can use the built-in `reversed` function instead of creating a new list.""
    }
]
}
```",296,173,The provided Python code implements an algorithm to find the next lexicographically larger permutation of the input list `perm`.,11,`next_perm = list(perm)`,Not necessary to create a copy of `perm` since the original list will be modified anyway.,13,`next_perm[i + 1:] = reversed(next_perm[i + 1:])`,Can use the built-in `reversed` function instead of creating a new list.,,,,if perm[j] < perm[i]:,FALSE,FALSE,FALSE,,FALSE,FALSE,FALSE
node.py,"Code:class Node:
    def __init__(self, value=None, successor=None, successors=[], predecessors=[], incoming_nodes=[], outgoing_nodes=[]):
        self.value = value
        self.successor = successor
        self.successors = successors
        self.predecessors = predecessors
        self.incoming_nodes = incoming_nodes
        self.outgoing_nodes = outgoing_nodes

    def successor(self):
        return self.successor

    def successors(self):
        return self.successors

    def predecessors(self):
        return self.predecessors

Please analyse the Python code snippet provided above. Identify the intention of the code and potential bugs in the code.
The response should contain up to three objects, ordered from the most probable to least probable code line to contain a bug.

Your response should be in the following template structure. Be mindful of indentation:
    ```
        {
        ""Intention"": <Brief description of the code's purpose>,

        ""Fault Localisation"": [
            {
            ""Buggy Code Line"": <Line number of buggy code>,
            ""Code"": <Actual buggy code>,
            ""Reason"": <Reason for the bug>
            },
            ...
        ]
        }
    ```
","```
{
""Intention"": ""The code snippet is a class definition for a node object. The node object has a value and can have multiple successors and predecessors."",

""Fault Localisation"": [
    {
    ""Buggy Code Line"": 1,
    ""Code"": ""class Node:"",
    ""Reason"": ""The class name 'Node' is not capitalized, which is a common coding convention.""
    },
    {
    ""Buggy Code Line"": 3,
    ""Code"": ""self.successor = successor"",
    ""Reason"": ""The attribute 'successor' should be named 'next' to follow common naming conventions.""
    }
]
}
```",294,149,The code snippet is a class definition for a node object. The node object has a value and can have multiple successors and predecessors.,1,class Node:,"The class name 'Node' is not capitalized, which is a common coding convention.",3,self.successor = successor,The attribute 'successor' should be named 'next' to follow common naming conventions.,,,,,,,,,,,
pascal.py,"Code:
def pascal(n):
    rows = [[1]]
    for r in range(1, n):
        row = []
        for c in range(0, r):
            upleft = rows[r - 1][c - 1] if c > 0 else 0
            upright = rows[r - 1][c] if c < r else 0
            row.append(upleft + upright)
        rows.append(row)

    return rows


Please analyse the Python code snippet provided above. Identify the intention of the code and potential bugs in the code.
The response should contain up to three objects, ordered from the most probable to least probable code line to contain a bug.

Your response should be in the following template structure. Be mindful of indentation:
    ```
        {
        ""Intention"": <Brief description of the code's purpose>,

        ""Fault Localisation"": [
            {
            ""Buggy Code Line"": <Line number of buggy code>,
            ""Code"": <Actual buggy code>,
            ""Reason"": <Reason for the bug>
            },
            ...
        ]
        }
    ```
","```
{
""Intention"": ""Generates a Pascal's triangle with 'n' rows."",

""Fault Localisation"": [
    {
    ""Buggy Code Line"": 10,
    ""Code"": ""upright = rows[r - 1][c] if c < r else 0"",
    ""Reason"": ""This code is incorrect because it may cause an IndexError if 'c' is equal to 'r'. When 'c' is equal to 'r', the code should access 'rows[r - 1][r - 1]' instead of 'rows[r - 1][r]'.""
    }
]
}
```",268,145,Generates a Pascal's triangle with 'n' rows.,10,upright = rows[r - 1][c] if c < r else 0,"This code is incorrect because it may cause an IndexError if 'c' is equal to 'r'. When 'c' is equal to 'r', the code should access 'rows[r - 1][r - 1]' instead of 'rows[r - 1][r]'.",,,,,,,"for c in range(0, r):",TRUE,FALSE,FALSE,,TRUE,TRUE,TRUE
possible_change.py,"Code:# Python 3
def possible_change(coins, total):
    if total == 0:
        return 1
    if total < 0:
        return 0

    first, *rest = coins
    return possible_change(coins, total - first) + possible_change(rest, total)



Please analyse the Python code snippet provided above. Identify the intention of the code and potential bugs in the code.
The response should contain up to three objects, ordered from the most probable to least probable code line to contain a bug.

Your response should be in the following template structure. Be mindful of indentation:
    ```
        {
        ""Intention"": <Brief description of the code's purpose>,

        ""Fault Localisation"": [
            {
            ""Buggy Code Line"": <Line number of buggy code>,
            ""Code"": <Actual buggy code>,
            ""Reason"": <Reason for the bug>
            },
            ...
        ]
        }
    ```
","```
    {
    ""Intention"": ""This code computes the number of ways to make change for a given total using the given denominations of coins."",

    ""Fault Localisation"": [
        {
        ""Buggy Code Line"": 7,
        ""Code"": ""return possible_change(coins, total - first) + possible_change(rest, total)"",
        ""Reason"": ""This line should be `return possible_change(coins, total - first) + possible_change(rest, total - first)`""
        },
        {
        ""Buggy Code Line"": 8,
        ""Code"": ""coins, total)"",
        ""Reason"": ""This line should be `rest, total)`""
        }
    ]
    }
```",231,168,This code computes the number of ways to make change for a given total using the given denominations of coins.,7,"return possible_change(coins, total - first) + possible_change(rest, total)","This line should be `return possible_change(coins, total - first) + possible_change(rest, total - first)`",8,"coins, total)","This line should be `rest, total)`",,,,if total < 0:,FALSE,FALSE,FALSE,,FALSE,FALSE,FALSE
powerset.py,"Code:
def powerset(arr):
    if arr:
        first, *rest = arr #python3 just like car and cdr (in this case anyway..)
        rest_subsets = powerset(rest)
        return [[first] + subset for subset in rest_subsets]
    else:
        return [[]]


Please analyse the Python code snippet provided above. Identify the intention of the code and potential bugs in the code.
The response should contain up to three objects, ordered from the most probable to least probable code line to contain a bug.

Your response should be in the following template structure. Be mindful of indentation:
    ```
        {
        ""Intention"": <Brief description of the code's purpose>,

        ""Fault Localisation"": [
            {
            ""Buggy Code Line"": <Line number of buggy code>,
            ""Code"": <Actual buggy code>,
            ""Reason"": <Reason for the bug>
            },
            ...
        ]
        }
    ```
","```
{
""Intention"": ""The code snippet provided aims to calculate the powerset of an input array."",

""Fault Localisation"": [
            {
            ""Buggy Code Line"": 4,
            ""Code"": ""rest_subsets = powerset(rest)"",
            ""Reason"": ""If the 'arr' is empty, the 'powerset(rest)' will raise an IndexError because 'rest' will be an empty list, resulting in 'first, *rest' attempting to unpack an empty list.""
            }
        ]
}
```",225,120,The code snippet provided aims to calculate the powerset of an input array.,4,rest_subsets = powerset(rest),"If the 'arr' is empty, the 'powerset(rest)' will raise an IndexError because 'rest' will be an empty list, resulting in 'first, *rest' attempting to unpack an empty list.",,,,,,,return [[first] + subset for subset in rest_subsets],FALSE,FALSE,FALSE,,FALSE,FALSE,FALSE
quicksort.py,"Code:def quicksort(arr):
    if not arr:
        return []

    pivot = arr[0]
    lesser = quicksort([x for x in arr[1:] if x < pivot])
    greater = quicksort([x for x in arr[1:] if x > pivot])
    return lesser + [pivot] + greater

Please analyse the Python code snippet provided above. Identify the intention of the code and potential bugs in the code.
The response should contain up to three objects, ordered from the most probable to least probable code line to contain a bug.

Your response should be in the following template structure. Be mindful of indentation:
    ```
        {
        ""Intention"": <Brief description of the code's purpose>,

        ""Fault Localisation"": [
            {
            ""Buggy Code Line"": <Line number of buggy code>,
            ""Code"": <Actual buggy code>,
            ""Reason"": <Reason for the bug>
            },
            ...
        ]
        }
    ```
","```
{
""Intention"": ""The provided code snippet implements the quicksort algorithm. It takes an array as input and returns a sorted array."",

""Fault Localisation"": [
    {
    ""Buggy Code Line"": ""2"",
    ""Code"": ""if not arr:"",
    ""Reason"": ""The base case should be `if not arr or len(arr) == 0:` to handle empty arrays.""
    },

    {
    ""Buggy Code Line"": ""10"",
    ""Code"": ""return lesser + [pivot] + greater"",
    ""Reason"": ""The code may produce an error if `lesser` or `greater` contains duplicate values of the pivot, leading to an infinite recursion.""
    }
]
}
```",230,167,The provided code snippet implements the quicksort algorithm. It takes an array as input and returns a sorted array.,,,,,,,,,,greater = quicksort([x for x in arr[1:] if x > pivot]),FALSE,FALSE,FALSE,,FALSE,FALSE,FALSE
reverse_linked_list.py,"Code:def reverse_linked_list(node):
    prevnode = None
    while node:
        nextnode = node.successor
        node.successor = prevnode
        node = nextnode
    return prevnode


Please analyse the Python code snippet provided above. Identify the intention of the code and potential bugs in the code.
The response should contain up to three objects, ordered from the most probable to least probable code line to contain a bug.

Your response should be in the following template structure. Be mindful of indentation:
    ```
        {
        ""Intention"": <Brief description of the code's purpose>,

        ""Fault Localisation"": [
            {
            ""Buggy Code Line"": <Line number of buggy code>,
            ""Code"": <Actual buggy code>,
            ""Reason"": <Reason for the bug>
            },
            ...
        ]
        }
    ```
","```
{
""Intention"": ""The Python code snippet provided above reverses a linked list in place. It does this by iterating through the list, reversing the `successor` pointers of each node, and returning the new head of the list."",

""Fault Localisation"": [
    {
    ""Buggy Code Line"": ""2"",
    ""Code"": ""prevnode = None"",
    ""Reason"": ""`prevnode` should be initialised to `node` instead of `None` in order to correctly reverse the linked list.""
    }
]
}
```",206,123,"The Python code snippet provided above reverses a linked list in place. It does this by iterating through the list, reversing the `successor` pointers of each node, and returning the new head of the list.",,,`prevnode` should be initialised to `node` instead of `None` in order to correctly reverse the linked list.,,,,,,,"A line is omitted between the lines:  'nextnode = node.successor'  'node.successor = prevnode;

while node:
        nextnode = node.successor
        node.successor = prevnode
        prevnode = node
        node = nextnode
    return prevnode",TRUE,FALSE,FALSE,,TRUE,TRUE,TRUE
rpn_eval.py,"Code:
def rpn_eval(tokens):
    def op(symbol, a, b):
        return {
            '+': lambda a, b: a + b,
            '-': lambda a, b: a - b,
            '*': lambda a, b: a * b,
            '/': lambda a, b: a / b
        }[symbol](a, b)

    stack = []

    for token in tokens:
        if isinstance(token, float):
            stack.append(token)
        else:
            a = stack.pop()
            b = stack.pop()
            stack.append(
                op(token, a, b)
            )

    return stack.pop()



Please analyse the Python code snippet provided above. Identify the intention of the code and potential bugs in the code.
The response should contain up to three objects, ordered from the most probable to least probable code line to contain a bug.

Your response should be in the following template structure. Be mindful of indentation:
    ```
        {
        ""Intention"": <Brief description of the code's purpose>,

        ""Fault Localisation"": [
            {
            ""Buggy Code Line"": <Line number of buggy code>,
            ""Code"": <Actual buggy code>,
            ""Reason"": <Reason for the bug>
            },
            ...
        ]
        }
    ```
","```
{
""Intention"": ""The code snippet implements a Reverse Polish Notation (RPN) evaluator, which evaluates mathematical expressions represented in postfix notation."",

""Fault Localisation"": [
    {
    ""Buggy Code Line"": 13,
    ""Code"": ""stack.pop()"",
    ""Reason"": ""This line might result in an IndexError exception if the stack is empty, which can occur if the input tokens contain invalid or mismatched operators and operands.""
    }
]
}
```",322,109,"The code snippet implements a Reverse Polish Notation (RPN) evaluator, which evaluates mathematical expressions represented in postfix notation.",13,stack.pop(),"This line might result in an IndexError exception if the stack is empty, which can occur if the input tokens contain invalid or mismatched operators and operands.",,,,,,,"op(token, a, b)",FALSE,FALSE,FALSE,,FALSE,FALSE,FALSE
shortest_paths.py,"Code:
def shortest_paths(source, weight_by_edge):
    weight_by_node = {
        v: float('inf') for u, v in weight_by_edge
    }
    weight_by_node[source] = 0

    for i in range(len(weight_by_node) - 1):
        for (u, v), weight in weight_by_edge.items():
            weight_by_edge[u, v] = min(
                weight_by_node[u] + weight,
                weight_by_node[v]
            )

    return weight_by_node


Please analyse the Python code snippet provided above. Identify the intention of the code and potential bugs in the code.
The response should contain up to three objects, ordered from the most probable to least probable code line to contain a bug.

Your response should be in the following template structure. Be mindful of indentation:
    ```
        {
        ""Intention"": <Brief description of the code's purpose>,

        ""Fault Localisation"": [
            {
            ""Buggy Code Line"": <Line number of buggy code>,
            ""Code"": <Actual buggy code>,
            ""Reason"": <Reason for the bug>
            },
            ...
        ]
        }
    ```
","```
{
""Intention"": ""This code finds the shortest path from a source node to all other nodes in a weighted graph. It uses the Bellman-Ford algorithm to compute the shortest paths."",

""Fault Localisation"": [
    {
    ""Buggy Code Line"": 13,
    ""Code"": ""weight_by_edge[u, v] = min(\n                weight_by_node[u] + weight,\n                weight_by_node[v]\n            )"",
    ""Reason"": ""The relaxation criterion is incorrect. It should be weight_by_edge[u, v] = min(weight_by_edge[u, v], weight_by_node[u] + weight).""
    },
    {
    ""Buggy Code Line"": 8,
    ""Code"": ""weight_by_node = {\n        v: float('inf') for u, v in weight_by_edge\n    }"",
    ""Reason"": ""The initialisation of weight_by_node is incorrect. It should be weight_by_node = {v: float('inf') for u, v in weight_by_edge if u != source}""
    },
    {
    ""Buggy Code Line"": 1,
    ""Code"": ""def shortest_paths(source, weight_by_edge):"",
    ""Reason"": ""The function should take a graph as an input, not just the weight_by_edge dictionary.""
    }
]
}
```",304,331,This code finds the shortest path from a source node to all other nodes in a weighted graph. It uses the Bellman-Ford algorithm to compute the shortest paths.,13,"weight_by_edge[u, v] = min(\n                weight_by_node[u] + weight,\n                weight_by_node[v]\n            )","The relaxation criterion is incorrect. It should be weight_by_edge[u, v] = min(weight_by_edge[u, v], weight_by_node[u] + weight).",8,"weight_by_node = {\n        v: float('inf') for u, v in weight_by_edge\n    }","The initialisation of weight_by_node is incorrect. It should be weight_by_node = {v: float('inf') for u, v in weight_by_edge if u != source}",1,"def shortest_paths(source, weight_by_edge):","The function should take a graph as an input, not just the weight_by_edge dictionary.","weight_by_edge[u, v] = min(weight_by_node[u] + weight, weight_by_node[v])",TRUE,FALSE,FALSE,,TRUE,TRUE,TRUE
shortest_path_length.py,"Code:from heapq import *

def shortest_path_length(length_by_edge, startnode, goalnode):
    unvisited_nodes = [] # FibHeap containing (node, distance) pairs
    heappush(unvisited_nodes, (0, startnode))
    visited_nodes = set()

    while len(unvisited_nodes) > 0:
        distance, node = heappop(unvisited_nodes)
        if node is goalnode:
            return distance

        visited_nodes.add(node)

        for nextnode in node.successors:
            if nextnode in visited_nodes:
                continue

            insert_or_update(unvisited_nodes,
                (min(
                    get(unvisited_nodes, nextnode) or float('inf'),
                    get(unvisited_nodes, nextnode) + length_by_edge[node, nextnode]
                ),
                nextnode)
            )

    return float('inf')


def get(node_heap, wanted_node):
    for dist, node in node_heap:
        if node == wanted_node:
            return dist
    return 0

def insert_or_update(node_heap, dist_node):
    dist, node = dist_node
    for i, tpl in enumerate(node_heap):
        a, b = tpl
        if b == node:
            node_heap[i] = dist_node #heapq retains sorted property
            return None

    heappush(node_heap, dist_node)
    return None

Please analyse the Python code snippet provided above. Identify the intention of the code and potential bugs in the code.
The response should contain up to three objects, ordered from the most probable to least probable code line to contain a bug.

Your response should be in the following template structure. Be mindful of indentation:
    ```
        {
        ""Intention"": <Brief description of the code's purpose>,

        ""Fault Localisation"": [
            {
            ""Buggy Code Line"": <Line number of buggy code>,
            ""Code"": <Actual buggy code>,
            ""Reason"": <Reason for the bug>
            },
            ...
        ]
        }
    ```
","```
{
""Intention"": ""This code finds the shortest path between two nodes in a graph using Dijkstra's algorithm, represented as edge lengths and their corresponding nodes."",

""Fault Localisation"": [
    {
    ""Buggy Code Line"": ""10"",
    ""Code"": ""if nextnode in visited_nodes:"",
    ""Reason"": ""This check should come after checking if the node is in unvisited_nodes. Otherwise, it will skip adding nodes to unvisited_nodes that are in visited_nodes, potentially leading to incorrect shortest path calculations.""
    },
    {
    ""Buggy Code Line"": ""18"",
    ""Code"": ""if b == node:"",
    ""Reason"": ""This check should compare nodes instead of distances. It should be changed to if a == dist:""
    },
    {
    ""Buggy Code Line"": ""23"",
    ""Code"": ""heappush(node_heap, dist_node)"",
    ""Reason"": ""This line adds a new node to the heap even if the distance is worse than the existing distance. It should only add the node if the distance is better.""
    }
]
}
```",533,258,"This code finds the shortest path between two nodes in a graph using Dijkstra's algorithm, represented as edge lengths and their corresponding nodes.",,,,,,,,,,"get(unvisited_nodes, nextnode) + length_by_edge[node, nextnode]",FALSE,FALSE,FALSE,,FALSE,FALSE,FALSE
shortest_path_lengths.py,"Code:from collections import defaultdict

def shortest_path_lengths(n, length_by_edge):
    length_by_path = defaultdict(lambda: float('inf'))
    length_by_path.update({(i, i): 0 for i in range(n)})
    length_by_path.update(length_by_edge)

    for k in range(n):
        for i in range(n):
            for j in range(n):
                length_by_path[i, j] = min(
                    length_by_path[i, j],
                    length_by_path[i, k] + length_by_path[j, k]
                )

    return length_by_path


Please analyse the Python code snippet provided above. Identify the intention of the code and potential bugs in the code.
The response should contain up to three objects, ordered from the most probable to least probable code line to contain a bug.

Your response should be in the following template structure. Be mindful of indentation:
    ```
        {
        ""Intention"": <Brief description of the code's purpose>,

        ""Fault Localisation"": [
            {
            ""Buggy Code Line"": <Line number of buggy code>,
            ""Code"": <Actual buggy code>,
            ""Reason"": <Reason for the bug>
            },
            ...
        ]
        }
    ```
","```
{
""Intention"": ""The provided Python code defines a function, `shortest_path_lengths`, which finds the shortest paths between all pairs of nodes in a graph. It uses the Floyd-Warshall algorithm with complexity O(n^3) to compute these shortest paths."",

""Fault Localisation"": [
    {
    ""Buggy Code Line"": ""11"",
    ""Code"": ""length_by_path[i, j] = min("",
    ""Reason"": ""Missing the argument list of the 'min' function.""
    }
]
}
```",327,128,"The provided Python code defines a function, `shortest_path_lengths`, which finds the shortest paths between all pairs of nodes in a graph. It uses the Floyd-Warshall algorithm with complexity O(n^3) to compute these shortest paths.",,"length_by_path[i, j] = min(",,,,,,,,"length_by_path[i, j] = min(length_by_path[i, j], length_by_path[i, k] + length_by_path[j,k])",TRUE,FALSE,FALSE,,TRUE,TRUE,TRUE
shunting_yard.py,"Code:
def shunting_yard(tokens):
    precedence = {
        '+': 1,
        '-': 1,
        '*': 2,
        '/': 2
    }

    rpntokens = []
    opstack = []
    for token in tokens:
        if isinstance(token, int):
            rpntokens.append(token)
        else:
            while opstack and precedence[token] <= precedence[opstack[-1]]:
                rpntokens.append(opstack.pop())

    while opstack:
        rpntokens.append(opstack.pop())

    return rpntokens


Please analyse the Python code snippet provided above. Identify the intention of the code and potential bugs in the code.
The response should contain up to three objects, ordered from the most probable to least probable code line to contain a bug.

Your response should be in the following template structure. Be mindful of indentation:
    ```
        {
        ""Intention"": <Brief description of the code's purpose>,

        ""Fault Localisation"": [
            {
            ""Buggy Code Line"": <Line number of buggy code>,
            ""Code"": <Actual buggy code>,
            ""Reason"": <Reason for the bug>
            },
            ...
        ]
        }
    ```
","```
{
""Intention"": ""The snippet is a shunting-yard algorithm, it takes an arithmetic expression in infix and transforms it into Reverse Polish Notation (or postfix notation) for easier evaluation."",

""Fault Localisation"": [
    {
    ""Buggy Code Line"": 15,
    ""Code"": ""while opstack:"",
    ""Reason"": ""The while loop should check if the opstack is empty, otherwise it will loop forever""
    }
]
}
```",312,108,"The snippet is a shunting-yard algorithm, it takes an arithmetic expression in infix and transforms it into Reverse Polish Notation (or postfix notation) for easier evaluation.",15,while opstack:,"The while loop should check if the opstack is empty, otherwise it will loop forever",,,,,,,"Omission: after this loop: while opstack and precedence[token] <= precedence[opstack[-1]]:

        else:
            while opstack and precedence[token] <= precedence[opstack[-1]]:
                rpntokens.append(opstack.pop())
            opstack.append(token)

    while opstack:
        rpntokens.append(opstack.pop())",FALSE,FALSE,FALSE,,FALSE,FALSE,FALSE
sieve.py,"Code:def sieve(max):
    primes = []
    for n in range(2, max + 1):
        if any(n % p > 0 for p in primes):
            primes.append(n)
    return primes

Please analyse the Python code snippet provided above. Identify the intention of the code and potential bugs in the code.
The response should contain up to three objects, ordered from the most probable to least probable code line to contain a bug.

Your response should be in the following template structure. Be mindful of indentation:
    ```
        {
        ""Intention"": <Brief description of the code's purpose>,

        ""Fault Localisation"": [
            {
            ""Buggy Code Line"": <Line number of buggy code>,
            ""Code"": <Actual buggy code>,
            ""Reason"": <Reason for the bug>
            },
            ...
        ]
        }
    ```
","```
    {
    ""Intention"": ""The provided Python code's intention is to generate a list of prime numbers up to a specified limit using the Sieve of Eratosthenes algorithm."",

    ""Fault Localisation"": [
        {
        ""Buggy Code Line"": 5,
        ""Code"": ""if any(n % p > 0 for p in primes):"",
        ""Reason"": ""This line is problematic since it checks if 'n' is not divisible by any number in 'primes'. If 'n' is found to be not divisible by any prime number in 'primes', it is mistakenly considered a prime number and appended to 'primes'. However, this approach is incorrect. In the Sieve of Eratosthenes algorithm, numbers that are divisible by any of the primes in 'primes' should be excluded, not included.""
        }
    ]
    }
```",205,190,The provided Python code's intention is to generate a list of prime numbers up to a specified limit using the Sieve of Eratosthenes algorithm.,5,if any(n % p > 0 for p in primes):,"This line is problematic since it checks if 'n' is not divisible by any number in 'primes'. If 'n' is found to be not divisible by any prime number in 'primes', it is mistakenly considered a prime number and appended to 'primes'. However, this approach is incorrect. In the Sieve of Eratosthenes algorithm, numbers that are divisible by any of the primes in 'primes' should be excluded, not included.",,,,,,,if any(n % p > 0 for p in primes):,TRUE,FALSE,FALSE,,TRUE,TRUE,TRUE
sqrt.py,"Code:
def sqrt(x, epsilon):
    approx = x / 2
    while abs(x - approx) > epsilon:
        approx = 0.5 * (approx + x / approx)
    return approx

Please analyse the Python code snippet provided above. Identify the intention of the code and potential bugs in the code.
The response should contain up to three objects, ordered from the most probable to least probable code line to contain a bug.

Your response should be in the following template structure. Be mindful of indentation:
    ```
        {
        ""Intention"": <Brief description of the code's purpose>,

        ""Fault Localisation"": [
            {
            ""Buggy Code Line"": <Line number of buggy code>,
            ""Code"": <Actual buggy code>,
            ""Reason"": <Reason for the bug>
            },
            ...
        ]
        }
    ```
","```
{
""Intention"": ""This code calculates the square root of a given number using the Babylonian method."",

""Fault Localisation"": [
    {
    ""Buggy Code Line"": 6,
    ""Code"": ""approx = 0.5 * (approx + x / approx)"",
    ""Reason"": ""The code doesn't handle the case when x is zero. In this case, the approximation would be None, which can lead to an error.""
    },
    {
    ""Buggy Code Line"": 2,
    ""Code"": ""approx = x / 2"",
    ""Reason"": ""The initial approximation is stored in the 'approx' variable, but the termination condition checks if the absolute difference between x and 'approx' is greater than the specified epsilon. It would make more sense to compare 'approx' to the square root of x, rather than x.""
    },
    {
    ""Buggy Code Line"": 5,
    ""Code"": ""while abs(x - approx) > epsilon:"",
    ""Reason"": ""The epsilon value is not guaranteed to be positive. If it's negative, the loop condition will never be met, resulting in an infinite loop.""
    }
]
}
```",202,270,This code calculates the square root of a given number using the Babylonian method.,6,approx = 0.5 * (approx + x / approx),"The code doesn't handle the case when x is zero. In this case, the approximation would be None, which can lead to an error.",2,approx = x / 2,"The initial approximation is stored in the 'approx' variable, but the termination condition checks if the absolute difference between x and 'approx' is greater than the specified epsilon. It would make more sense to compare 'approx' to the square root of x, rather than x.",5,while abs(x - approx) > epsilon:,"The epsilon value is not guaranteed to be positive. If it's negative, the loop condition will never be met, resulting in an infinite loop.",while abs(x - approx) > epsilon:,FALSE,FALSE,TRUE,,FALSE,FALSE,TRUE
subsequences.py,"Code:def subsequences(a, b, k):
    if k == 0:
        return []

    ret = []
    for i in range(a, b + 1 - k):
        ret.extend(
            [i] + rest for rest in subsequences(i + 1, b, k - 1)
        )

    return ret




Please analyse the Python code snippet provided above. Identify the intention of the code and potential bugs in the code.
The response should contain up to three objects, ordered from the most probable to least probable code line to contain a bug.

Your response should be in the following template structure. Be mindful of indentation:
    ```
        {
        ""Intention"": <Brief description of the code's purpose>,

        ""Fault Localisation"": [
            {
            ""Buggy Code Line"": <Line number of buggy code>,
            ""Code"": <Actual buggy code>,
            ""Reason"": <Reason for the bug>
            },
            ...
        ]
        }
    ```
","```
{
""Intention"": ""Generates lists of k subsequences."",

""Fault Localisation"": [
    {
    ""Buggy Code Line"": 7,
    ""Code"": ""ret.extend(\n            [i] + rest for rest in subsequences(i + 1, b, k - 1)\n        )"",
    ""Reason"": ""Infinite recursion""
    },
    {
    ""Buggy Code Line"": 6,
    ""Code"": ""for i in range(a, b + 1 - k):"",
    ""Reason"": ""Off-by-one error in range""
    }
]
}
```",244,147,Generates lists of k subsequences.,7,"ret.extend(\n            [i] + rest for rest in subsequences(i + 1, b, k - 1)\n        )",Infinite recursion,6,"for i in range(a, b + 1 - k):",Off-by-one error in range,,,,return [],FALSE,FALSE,FALSE,,FALSE,FALSE,FALSE
topological_ordering.py,"Code:def topological_ordering(nodes):
    ordered_nodes = [node for node in nodes if not node.incoming_nodes]

    for node in ordered_nodes:
        for nextnode in node.outgoing_nodes:
            if set(ordered_nodes).issuperset(nextnode.outgoing_nodes) and nextnode not in ordered_nodes:
                ordered_nodes.append(nextnode)

    return ordered_nodes

Please analyse the Python code snippet provided above. Identify the intention of the code and potential bugs in the code.
The response should contain up to three objects, ordered from the most probable to least probable code line to contain a bug.

Your response should be in the following template structure. Be mindful of indentation:
    ```
        {
        ""Intention"": <Brief description of the code's purpose>,

        ""Fault Localisation"": [
            {
            ""Buggy Code Line"": <Line number of buggy code>,
            ""Code"": <Actual buggy code>,
            ""Reason"": <Reason for the bug>
            },
            ...
        ]
        }
    ```
","```
    {
    ""Intention"": ""Topological ordering is a linear ordering of the nodes in a directed graph where each node comes before all nodes to which it has outgoing edges."",

    ""Fault Localisation"": [
        {
        ""Buggy Code Line"": 8,
        ""Code"": ""if set(ordered_nodes).issuperset(nextnode.outgoing_nodes) and nextnode not in ordered_nodes:"",
        ""Reason"": ""The condition should be checking if the set of outgoing nodes of the nextnode is a subset of the set of ordered nodes, not a superset.""
        },
        {
        ""Buggy Code Line"": 5,
        ""Code"": ""for node in ordered_nodes:"",
        ""Reason"": ""The loop should be iterating over a copy of the ordered_nodes, not the original list, as the list is being modified during the iteration.""
        },
        {
        ""Buggy Code Line"": 7,
        ""Code"": ""if nextnode not in ordered_nodes:"",
        ""Reason"": ""The condition should be checking if nextnode is already in ordered_nodes, not if it is not.""
        }
    ]
    }
```",251,266,Topological ordering is a linear ordering of the nodes in a directed graph where each node comes before all nodes to which it has outgoing edges.,8,if set(ordered_nodes).issuperset(nextnode.outgoing_nodes) and nextnode not in ordered_nodes:,"The condition should be checking if the set of outgoing nodes of the nextnode is a subset of the set of ordered nodes, not a superset.",5,for node in ordered_nodes:,"The loop should be iterating over a copy of the ordered_nodes, not the original list, as the list is being modified during the iteration.",7,if nextnode not in ordered_nodes:,"The condition should be checking if nextnode is already in ordered_nodes, not if it is not.",if set(ordered_nodes).issuperset(nextnode.outgoing_nodes) and nextnode not in ordered_nodes:,TRUE,FALSE,FALSE,,TRUE,TRUE,TRUE
to_base.py,"Code:
import string
def to_base(num, b):
    result = ''
    alphabet = string.digits + string.ascii_uppercase
    while num > 0:
        i = num % b
        num = num // b
        result = result + alphabet[i]
    return result



Please analyse the Python code snippet provided above. Identify the intention of the code and potential bugs in the code.
The response should contain up to three objects, ordered from the most probable to least probable code line to contain a bug.

Your response should be in the following template structure. Be mindful of indentation:
    ```
        {
        ""Intention"": <Brief description of the code's purpose>,

        ""Fault Localisation"": [
            {
            ""Buggy Code Line"": <Line number of buggy code>,
            ""Code"": <Actual buggy code>,
            ""Reason"": <Reason for the bug>
            },
            ...
        ]
        }
    ```
","```
    {
    ""Intention"": ""The code snippet converts a number to a different base using string.digit and string.ascii_uppercase as the alphabet for the new base"",

    ""Fault Localisation"": [
        {
        ""Buggy Code Line"": ""1"",
        ""Code"": ""import string"",
        ""Reason"": ""The code uses the string module without specifying what part of it is needed, which can lead to unnecessary imports and increase the program's load time.""
        },
        {
        ""Buggy Code Line"": ""10"",
        ""Code"": ""return result"",
        ""Reason"": ""The function doesn't handle the case when the number is negative, which can lead to incorrect results.""
        },
        {
        ""Buggy Code Line"": ""7"",
        ""Code"": ""while num > 0:"",
        ""Reason"": ""The code doesn't check if the base is valid (greater than 1 and less than 37), which can lead to incorrect results.""
        }
    ]
    }
```",228,236,The code snippet converts a number to a different base using string.digit and string.ascii_uppercase as the alphabet for the new base,,,,,,,,,,result = result + alphabet[i],FALSE,FALSE,FALSE,,FALSE,FALSE,FALSE
wrap.py,"Code:def wrap(text, cols):
    lines = []
    while len(text) > cols:
        end = text.rfind(' ', 0, cols + 1)
        if end == -1:
            end = cols
        line, text = text[:end], text[end:]
        lines.append(line)

    return lines

Please analyse the Python code snippet provided above. Identify the intention of the code and potential bugs in the code.
The response should contain up to three objects, ordered from the most probable to least probable code line to contain a bug.

Your response should be in the following template structure. Be mindful of indentation:
    ```
        {
        ""Intention"": <Brief description of the code's purpose>,

        ""Fault Localisation"": [
            {
            ""Buggy Code Line"": <Line number of buggy code>,
            ""Code"": <Actual buggy code>,
            ""Reason"": <Reason for the bug>
            },
            ...
        ]
        }
    ```
","```
{
    ""Intention"": ""The function breaks the text string into lines with a specified column width, ensuring that line breaks only occur at spaces."",

    ""Fault Localisation"": [
        {
            ""Buggy Code Line"": 4,
            ""Code"": ""if end == -1:"",
            ""Reason"": ""This condition will never be true as `text.rfind()` will always return `0` when it fails to find a space within the specified column width. This means that the line will be broken at the end of the text string, regardless of whether there is a space there.""
        },
        {
            ""Buggy Code Line"": 6,
            ""Code"": ""line, text = text[:end], text[end:]"",
            ""Reason"": ""This line should be `line, text = text[:end - 1], text[end + 1:]` to ensure that the line break occurs at the last space character within the column width.""
        }
    ]
}
```",236,223,"The function breaks the text string into lines with a specified column width, ensuring that line breaks only occur at spaces.",4,if end == -1:,"This condition will never be true as `text.rfind()` will always return `0` when it fails to find a space within the specified column width. This means that the line will be broken at the end of the text string, regardless of whether there is a space there.",6,"line, text = text[:end], text[end:]","This line should be `line, text = text[:end - 1], text[end + 1:]` to ensure that the line break occurs at the last space character within the column width.",,,,"Omission - Before the final return statement

    lines.append(text)
    return lines",FALSE,FALSE,FALSE,,FALSE,FALSE,FALSE
,,Mean,266.4878049,208.5365854,,,,,,,,,,,TRUE,14,5,3,,14,18,21
,,Median,256,207,,,,,,,,,,,FALSE,26,35,37,,26,22,19
,,Total,10926,8550,,,,,,,,,,,Percentage ,35,12.5,7.5,,35,45,52.5
